gene_id,K00849,K00965,K01784,K01785
gene_description,galactokinase [EC:2.7.1.6] [RN:R01092],UDPglucose--hexose-1-phosphate uridylyltransferase [EC:2.7.7.12] [RN:R00955],UDP-glucose 4-epimerase [EC:5.1.3.2] [RN:R00291],aldose 1-epimerase [EC:5.1.3.3] [RN:R10619]
Classification,,,,
d__Archaea;p__Aenigmatarchaeota;c__Aenigmatarchaeia;o__QMZP01;f__QMZP01;g__;s__,False,False,True,False
d__Archaea;p__Halobacteriota;c__Methanomicrobia;o__Methanomicrobiales;f__JACTUA01;g__JACTUA01;s__,False,False,True,False
d__Archaea;p__Halobacteriota;c__Methanomicrobia;o__Methanomicrobiales;f__JACTUA01;g__JACTUA01;s__,False,False,True,False
d__Archaea;p__Halobacteriota;c__Methanomicrobia;o__Methanomicrobiales;f__Methanoregulaceae;g__MVRE01;s__,False,False,False,False
d__Archaea;p__Halobacteriota;c__Methanomicrobia;o__Methanomicrobiales;f__Methanoregulaceae;g__MVRE01;s__,False,False,False,False
d__Archaea;p__Halobacteriota;c__Methanomicrobia;o__Methanomicrobiales;f__Methanoregulaceae;g__Methanoregula;s__,False,False,False,False
d__Archaea;p__Halobacteriota;c__Methanomicrobia;o__Methanomicrobiales;f__Methanoregulaceae;g__Methanoregula;s__,False,False,True,False
d__Archaea;p__Halobacteriota;c__Methanomicrobia;o__Methanomicrobiales;f__Methanoregulaceae;g__Methanoregula;s__,False,False,False,False
d__Archaea;p__Halobacteriota;c__Methanomicrobia;o__Methanomicrobiales;f__Methanoregulaceae;g__Methanoregula;s__,False,False,True,False
d__Archaea;p__Halobacteriota;c__Methanomicrobia;o__Methanomicrobiales;f__Methanoregulaceae;g__Methanoregula;s__,False,False,True,False
d__Archaea;p__Halobacteriota;c__Methanosarcinia;o__Methanosarcinales;f__Methanoperedenaceae;g__Methanoperedens;s__,False,False,True,False
d__Archaea;p__Halobacteriota;c__Methanosarcinia;o__Methanotrichales;f__Methanotrichaceae;g__Fen-7;s__,False,True,False,False
d__Archaea;p__Halobacteriota;c__Methanosarcinia;o__Methanotrichales;f__Methanotrichaceae;g__JABLXE01;s__,False,False,False,False
d__Archaea;p__Halobacteriota;c__Methanosarcinia;o__Methanotrichales;f__Methanotrichaceae;g__Methanothrix;s__,False,True,False,False
d__Archaea;p__Thermoplasmatota;c__E2;o__DHVEG-1;f__DHVEG-1;g__;s__,False,False,False,False
d__Archaea;p__Thermoplasmatota;c__E2;o__DHVEG-1;f__DHVEG-1;g__SG8-52-3;s__,False,False,True,False
d__Archaea;p__Thermoplasmatota;c__E2;o__DHVEG-1;f__DHVEG-1;g__SG8-52-3;s__,False,False,False,False
d__Archaea;p__Thermoplasmatota;c__E2;o__DHVEG-1;f__DHVEG-1;g__SM1-50;s__,False,False,False,False
d__Archaea;p__Thermoplasmatota;c__E2;o__DHVEG-1;f__DHVEG-1;g__SM1-50;s__,False,False,True,False
d__Archaea;p__Thermoplasmatota;c__E2;o__DHVEG-1;f__DHVEG-1;g__SM1-50;s__,False,False,False,False
d__Archaea;p__Thermoplasmatota;c__Themoplasmata_A;o__DTKX01;f__VGTL01;g__VGTL01;s__,False,True,True,False
d__Archaea;p__Thermoplasmatota;c__Thermoplasmata;o__Methanomassiliicoccales;f__Methanomassiliicoccaceae;g__UBA6;s__,False,False,False,False
d__Archaea;p__Thermoplasmatota;c__Thermoplasmata;o__UBA10834;f__UBA10834;g__COMBO-56-21;s__,False,False,False,False
d__Archaea;p__Thermoproteota;c__Bathyarchaeia;o__B26-1;f__UBA233;g__PALSA-986;s__,False,True,False,False
d__Archaea;p__Thermoproteota;c__Bathyarchaeia;o__B26-1;f__UBA233;g__PALSA-986;s__,False,True,False,False
d__Archaea;p__Thermoproteota;c__Bathyarchaeia;o__B26-1;f__UBA233;g__PALSA-986;s__,False,True,True,False
d__Archaea;p__Thermoproteota;c__Bathyarchaeia;o__B26-1;f__UBA233;g__PALSA-986;s__,False,True,True,False
d__Archaea;p__Thermoproteota;c__Bathyarchaeia;o__B26-1;f__UBA233;g__UBA11855;s__,False,True,False,False
d__Archaea;p__Thermoproteota;c__Bathyarchaeia;o__TCS64;f__TCS64;g__UBA8941;s__,False,False,True,True
d__Bacteria;p__4484-113;c__4484-113;o__4484-113;f__4484-113;g__JAGGTK01;s__,False,True,False,False
d__Bacteria;p__Acidobacteriota;c__Aminicenantia;o__Aminicenantales;f__;g__;s__,False,True,True,False
d__Bacteria;p__Acidobacteriota;c__Aminicenantia;o__Aminicenantales;f__RBG-16-66-30;g__RBG-16-66-30;s__,True,True,True,True
d__Bacteria;p__Acidobacteriota;c__Aminicenantia;o__Aminicenantales;f__RBG-16-66-30;g__RBG-16-66-30;s__,False,True,True,True
d__Bacteria;p__Acidobacteriota;c__Aminicenantia;o__Aminicenantales;f__RBG-16-66-30;g__RBG-16-66-30;s__,True,True,True,True
d__Bacteria;p__Acidobacteriota;c__Aminicenantia;o__Aminicenantales;f__RBG-16-66-30;g__RBG-16-66-30;s__,False,True,True,True
d__Bacteria;p__Acidobacteriota;c__Aminicenantia;o__Aminicenantales;f__RBG-16-66-30;g__RBG-16-66-30;s__,True,True,True,True
d__Bacteria;p__Acidobacteriota;c__Aminicenantia;o__Aminicenantales;f__UBA8522;g__;s__,True,True,True,True
d__Bacteria;p__Acidobacteriota;c__Aminicenantia;o__Aminicenantales;f__UBA8522;g__UBA8522;s__,True,True,True,True
d__Bacteria;p__Acidobacteriota;c__Aminicenantia;o__UBA2199;f__UBA2199;g__UBA2199;s__,False,True,True,False
d__Bacteria;p__Acidobacteriota;c__Aminicenantia;o__UBA2199;f__UBA2199;g__UBA2199;s__,False,True,True,False
d__Bacteria;p__Acidobacteriota;c__Polarisedimenticolia;o__Polarisedimenticolales;f__Polarisedimenticolaceae;g__;s__,False,False,True,False
d__Bacteria;p__Acidobacteriota;c__Polarisedimenticolia;o__Polarisedimenticolales;f__Polarisedimenticolaceae;g__;s__,False,True,True,False
d__Bacteria;p__Acidobacteriota;c__Polarisedimenticolia;o__Polarisedimenticolales;f__Polarisedimenticolaceae;g__JAIQFR01;s__,False,True,True,False
d__Bacteria;p__Acidobacteriota;c__Terriglobia;o__Bryobacterales;f__Bryobacteraceae;g__Solibacter;s__,True,True,True,True
d__Bacteria;p__Acidobacteriota;c__Thermoanaerobaculia;o__Thermoanaerobaculales;f__Thermoanaerobaculaceae;g__JAAYVZ01;s__,True,True,True,True
d__Bacteria;p__Acidobacteriota;c__Thermoanaerobaculia;o__Thermoanaerobaculales;f__Thermoanaerobaculaceae;g__RBG-13-68-16;s__,False,True,False,False
d__Bacteria;p__Acidobacteriota;c__UBA6911;o__UBA6911;f__UBA6911;g__;s__,True,True,True,True
d__Bacteria;p__Acidobacteriota;c__UBA6911;o__UBA6911;f__UBA6911;g__;s__,False,True,True,False
d__Bacteria;p__Acidobacteriota;c__UBA6911;o__UBA6911;f__UBA6911;g__;s__,False,True,True,True
d__Bacteria;p__Acidobacteriota;c__UBA6911;o__UBA6911;f__UBA6911;g__;s__,True,True,True,True
d__Bacteria;p__Acidobacteriota;c__UBA6911;o__UBA6911;f__UBA6911;g__;s__,False,True,True,True
d__Bacteria;p__Acidobacteriota;c__UBA6911;o__UBA6911;f__UBA6911;g__JAAYAM01;s__,True,True,True,True
d__Bacteria;p__Acidobacteriota;c__UBA6911;o__UBA6911;f__UBA6911;g__JAAYAM01;s__,True,False,True,True
d__Bacteria;p__Acidobacteriota;c__UBA6911;o__UBA6911;f__UBA6911;g__JAAYAM01;s__,False,False,True,True
d__Bacteria;p__Acidobacteriota;c__UBA6911;o__UBA6911;f__UBA6911;g__JACADW01;s__,False,True,True,False
d__Bacteria;p__Acidobacteriota;c__UBA6911;o__UBA6911;f__UBA6911;g__JACADW01;s__,False,True,True,True
d__Bacteria;p__Acidobacteriota;c__UBA6911;o__UBA6911;f__UBA6911;g__JAFNAG01;s__,False,True,True,True
d__Bacteria;p__Acidobacteriota;c__UBA6911;o__UBA6911;f__UBA6911;g__JAFNAG01;s__,False,True,True,True
d__Bacteria;p__Acidobacteriota;c__UBA6911;o__UBA6911;f__UBA6911;g__JAFNAG01;s__,False,False,True,True
d__Bacteria;p__Acidobacteriota;c__Vicinamibacteria;o__Fen-336;f__Fen-336;g__;s__,True,True,True,True
d__Bacteria;p__Acidobacteriota;c__Vicinamibacteria;o__Fen-336;f__Fen-336;g__;s__,True,True,True,True
d__Bacteria;p__Acidobacteriota;c__Vicinamibacteria;o__Fen-336;f__Fen-336;g__;s__,True,True,False,True
d__Bacteria;p__Acidobacteriota;c__Vicinamibacteria;o__Fen-336;f__Fen-336;g__;s__,True,True,True,True
d__Bacteria;p__Acidobacteriota;c__Vicinamibacteria;o__Fen-336;f__Fen-336;g__;s__,False,True,True,True
d__Bacteria;p__Acidobacteriota;c__Vicinamibacteria;o__Fen-336;f__Fen-336;g__FEN-336;s__,False,False,False,True
d__Bacteria;p__Acidobacteriota;c__Vicinamibacteria;o__Fen-336;f__Fen-336;g__FEN-336;s__,False,True,True,True
d__Bacteria;p__Acidobacteriota;c__Vicinamibacteria;o__Vicinamibacterales;f__Fen-181;g__;s__,True,True,True,True
d__Bacteria;p__Acidobacteriota;c__Vicinamibacteria;o__Vicinamibacterales;f__Fen-181;g__;s__,True,False,True,True
d__Bacteria;p__Acidobacteriota;c__Vicinamibacteria;o__Vicinamibacterales;f__Fen-181;g__FEN-299;s__,True,True,True,True
d__Bacteria;p__Actinomycetota;c__Acidimicrobiia;o__UBA5794;f__UBA11373;g__;s__,False,False,True,True
d__Bacteria;p__Actinomycetota;c__Acidimicrobiia;o__UBA5794;f__UBA11373;g__VGBK01;s__,False,False,True,False
d__Bacteria;p__Actinomycetota;c__Actinomycetia;o__Mycobacteriales;f__Micromonosporaceae;g__JAEZGP01;s__,True,True,True,True
d__Bacteria;p__Actinomycetota;c__Geothermincolia;o__Fen-727;f__Anoxymicrobiaceae;g__JAGUWJ01;s__,False,True,True,False
d__Bacteria;p__Actinomycetota;c__Geothermincolia;o__Geothermincolales;f__RBG-13-55-18;g__;s__,True,True,True,False
d__Bacteria;p__Actinomycetota;c__Thermoleophilia;o__Gaiellales;f__Gaiellaceae;g__Gaiella;s__,False,False,True,False
d__Bacteria;p__Actinomycetota;c__Thermoleophilia;o__RBG-16-64-13;f__RBG-16-64-13;g__;s__,False,False,True,False
d__Bacteria;p__Actinomycetota;c__Thermoleophilia;o__RBG-16-64-13;f__RBG-16-64-13;g__;s__,False,False,True,False
d__Bacteria;p__Actinomycetota;c__Thermoleophilia;o__RBG-16-64-13;f__RBG-16-64-13;g__RBG-16-64-13;s__,False,False,True,False
d__Bacteria;p__Actinomycetota;c__Thermoleophilia;o__Solirubrobacterales;f__JACPNS01;g__JACPNS01;s__,False,True,True,False
d__Bacteria;p__Actinomycetota;c__Thermoleophilia;o__UBA2241;f__UBA2241;g__;s__,False,False,True,False
d__Bacteria;p__Bacteroidota;c__Bacteroidia;o__Bacteroidales;f__SM23-62;g__LJUQ01;s__,True,False,True,True
d__Bacteria;p__Bacteroidota;c__Bacteroidia;o__Bacteroidales;f__UBA10428;g__UBA5072;s__,False,False,False,True
d__Bacteria;p__Bacteroidota;c__Bacteroidia;o__Bacteroidales;f__UBA10428;g__UBA5072;s__,True,True,True,True
d__Bacteria;p__Bacteroidota;c__Bacteroidia;o__Bacteroidales;f__UBA10428;g__UBA5072;s__,True,True,False,True
d__Bacteria;p__Bacteroidota;c__Bacteroidia;o__Bacteroidales;f__VadinHA17;g__LD21;s__,True,False,True,True
d__Bacteria;p__Bacteroidota;c__Bacteroidia;o__Bacteroidales;f__VadinHA17;g__LD21;s__,True,False,True,True
d__Bacteria;p__Bacteroidota;c__UBA10030;o__UBA10030;f__SZUA-254;g__;s__,False,False,True,True
d__Bacteria;p__Bacteroidota;c__UBA10030;o__UBA10030;f__UBA10030;g__;s__,True,True,True,True
d__Bacteria;p__Bacteroidota;c__UBA10030;o__UBA10030;f__UBA6906;g__;s__,True,True,False,True
d__Bacteria;p__Bacteroidota;c__UBA10030;o__UBA10030;f__UBA6906;g__;s__,False,True,False,False
d__Bacteria;p__Bacteroidota;c__UBA10030;o__UBA10030;f__UBA6906;g__UBA11986;s__,False,True,True,False
d__Bacteria;p__Bacteroidota;c__UBA10030;o__UBA10030;f__UBA6906;g__UBA6906;s__,True,True,True,True
d__Bacteria;p__Bacteroidota;c__UBA10030;o__UBA10030;f__UBA6906;g__UBA6906;s__,True,True,True,True
d__Bacteria;p__Calditrichota;c__Calditrichia;o__JAJRVZ01;f__JAJRVZ01;g__;s__,True,False,False,False
d__Bacteria;p__Chloroflexota;c__Anaerolineae;o__Aggregatilineales;f__UBA3940;g__JAFGMS01;s__,True,True,True,False
d__Bacteria;p__Chloroflexota;c__Anaerolineae;o__Anaerolineales;f__Anaerolineaceae;g__JAFGXF01;s__,False,False,True,False
d__Bacteria;p__Chloroflexota;c__Anaerolineae;o__Anaerolineales;f__EnvOPS12;g__;s__,True,True,True,False
d__Bacteria;p__Chloroflexota;c__Anaerolineae;o__Anaerolineales;f__EnvOPS12;g__UBA877;s__,False,False,True,False
d__Bacteria;p__Chloroflexota;c__Anaerolineae;o__Anaerolineales;f__RBG-16-64-43;g__JAFGKK01;s__,True,True,True,True
d__Bacteria;p__Chloroflexota;c__Anaerolineae;o__Anaerolineales;f__UBA4823;g__;s__,True,True,True,False
d__Bacteria;p__Chloroflexota;c__Anaerolineae;o__Anaerolineales;f__UBA4823;g__CTSoil-045;s__,True,True,True,False
d__Bacteria;p__Chloroflexota;c__Anaerolineae;o__Anaerolineales;f__UBA4823;g__CTSoil-045;s__,False,True,True,False
d__Bacteria;p__Chloroflexota;c__Anaerolineae;o__Anaerolineales;f__UBA4823;g__FEB-25;s__,True,False,True,False
d__Bacteria;p__Chloroflexota;c__Anaerolineae;o__Anaerolineales;f__UBA4823;g__FEB-25;s__,True,False,True,False
d__Bacteria;p__Chloroflexota;c__Anaerolineae;o__Anaerolineales;f__UBA4823;g__RBG-16-57-11;s__,True,True,True,False
d__Bacteria;p__Chloroflexota;c__Anaerolineae;o__Anaerolineales;f__UBA6663;g__;s__,True,True,True,False
d__Bacteria;p__Chloroflexota;c__Anaerolineae;o__CG2-30-64-16;f__CG2-30-64-16;g__;s__,True,True,True,False
d__Bacteria;p__Chloroflexota;c__Anaerolineae;o__Fen-1058;f__Fen-1058;g__JAFGFO01;s__,True,True,True,False
d__Bacteria;p__Chloroflexota;c__Anaerolineae;o__JAAYZQ01;f__JAAYZQ01;g__JAFGOG01;s__,False,True,True,False
d__Bacteria;p__Chloroflexota;c__Dehalococcoidia;o__;f__;g__;s__,False,False,True,False
d__Bacteria;p__Chloroflexota;c__Dehalococcoidia;o__Dehalococcoidales;f__;g__;s__,False,False,True,False
d__Bacteria;p__Chloroflexota;c__Dehalococcoidia;o__Dehalococcoidales;f__Fen-1064;g__;s__,False,False,False,False
d__Bacteria;p__Chloroflexota;c__Dehalococcoidia;o__Dehalococcoidales;f__Fen-1064;g__;s__,False,False,False,False
d__Bacteria;p__Chloroflexota;c__Dehalococcoidia;o__Dehalococcoidales;f__RBG-16-60-22;g__Fen-1077;s__,False,False,True,False
d__Bacteria;p__Chloroflexota;c__Dehalococcoidia;o__Dehalococcoidales;f__RBG-16-60-22;g__RBG-13-51-18;s__,False,False,True,False
d__Bacteria;p__Chloroflexota;c__Dehalococcoidia;o__Dehalococcoidales;f__RBG-16-60-22;g__RBG-13-51-18;s__,False,False,True,False
d__Bacteria;p__Chloroflexota;c__Dehalococcoidia;o__Dehalococcoidales;f__UBA3254;g__UBA3254;s__,False,False,True,False
d__Bacteria;p__Chloroflexota;c__Dehalococcoidia;o__GIF9;f__AB-539-J10;g__RBG-13-51-36;s__,False,False,False,False
d__Bacteria;p__Chloroflexota;c__Dehalococcoidia;o__GIF9;f__AB-539-J10;g__RBG-13-51-36;s__,False,False,False,False
d__Bacteria;p__Chloroflexota;c__Dehalococcoidia;o__GIF9;f__AB-539-J10;g__RBG-13-51-36;s__,False,False,False,False
d__Bacteria;p__Chloroflexota;c__Dehalococcoidia;o__GIF9;f__UBA5620;g__9FT-COMBO-48-23;s__,False,True,False,False
d__Bacteria;p__Chloroflexota;c__Dehalococcoidia;o__GIF9;f__UBA5620;g__9FT-COMBO-48-23;s__,False,True,False,False
d__Bacteria;p__Chloroflexota;c__Dehalococcoidia;o__GIF9;f__UBA5629;g__;s__,False,False,False,False
d__Bacteria;p__Chloroflexota;c__Dehalococcoidia;o__SZUA-161;f__SpSt-899;g__;s__,False,False,True,False
d__Bacteria;p__Chloroflexota;c__Limnocylindria;o__Limnocylindrales;f__CSP1-4;g__CTSoil-043;s__,False,True,True,True
d__Bacteria;p__Chloroflexota;c__Limnocylindria;o__Limnocylindrales;f__CSP1-4;g__CTSoil-043;s__,True,True,True,True
d__Bacteria;p__Desulfobacterota;c__DSM-4660;o__Desulfatiglandales;f__HGW-15;g__;s__,False,False,True,False
d__Bacteria;p__Desulfobacterota;c__DSM-4660;o__Desulfatiglandales;f__HGW-15;g__;s__,False,False,False,False
d__Bacteria;p__Desulfobacterota;c__DSM-4660;o__Desulfatiglandales;f__HGW-15;g__JAFGIC01;s__,False,False,False,False
d__Bacteria;p__Desulfobacterota;c__Desulfobaccia;o__Desulfobaccales;f__Desulfobaccaceae;g__Desulfobacca;s__,False,True,False,False
d__Bacteria;p__Desulfobacterota;c__Desulfobacteria;o__C00003060;f__C00003060;g__JAFDGP01;s__,False,False,True,False
d__Bacteria;p__Desulfobacterota;c__Desulfobacteria;o__Desulfobacterales;f__UBA2174_A;g__SpSt-501;s__,False,True,True,False
d__Bacteria;p__Desulfobacterota;c__RBG-13-43-22;o__RBG-13-43-22;f__RBG-13-43-22;g__;s__,False,True,True,False
d__Bacteria;p__Desulfobacterota;c__Syntrophia;o__Syntrophales;f__Fen-1087;g__Fen-1087;s__,False,False,True,False
d__Bacteria;p__Desulfobacterota;c__Syntrophia;o__Syntrophales;f__Smithellaceae;g__UBA4810;s__,False,False,False,False
d__Bacteria;p__Desulfobacterota;c__Syntrophia;o__Syntrophales;f__Smithellaceae;g__UBA4810;s__,False,False,False,False
d__Bacteria;p__Desulfobacterota;c__Syntrophia;o__Syntrophales;f__UBA2185;g__UBA2185;s__,False,False,False,False
d__Bacteria;p__Desulfobacterota;c__Syntrophia;o__Syntrophales;f__UBA4778;g__UBA4054;s__,False,False,True,False
d__Bacteria;p__Desulfobacterota;c__Syntrophia;o__Syntrophales;f__UBA4778;g__UBA4054;s__,False,False,True,False
d__Bacteria;p__Desulfobacterota;c__Syntrophia;o__Syntrophales;f__UBA5619;g__JAKAFS01;s__,False,False,True,False
d__Bacteria;p__Desulfobacterota;c__Syntrophobacteria;o__Syntrophobacterales;f__;g__;s__,False,False,True,False
d__Bacteria;p__Desulfobacterota;c__Syntrophobacteria;o__Syntrophobacterales;f__;g__;s__,False,False,True,False
d__Bacteria;p__Desulfobacterota;c__Syntrophobacteria;o__Syntrophobacterales;f__;g__;s__,False,False,True,False
d__Bacteria;p__Desulfobacterota;c__Syntrophobacteria;o__Syntrophobacterales;f__;g__;s__,False,False,False,False
d__Bacteria;p__Desulfobacterota;c__Syntrophobacteria;o__Syntrophobacterales;f__Syntrophobacteraceae;g__;s__,False,False,True,False
d__Bacteria;p__Desulfobacterota;c__Syntrophobacteria;o__Syntrophobacterales;f__Syntrophobacteraceae;g__;s__,False,False,True,False
d__Bacteria;p__Desulfobacterota_F;c__BSN033;o__BSN033;f__UBA1163;g__;s__,False,True,True,False
d__Bacteria;p__Desulfobacterota_F;c__BSN033;o__BSN033;f__UBA1163;g__JACAEX01;s__,False,True,True,False
d__Bacteria;p__Desulfobacterota_F;c__BSN033;o__BSN033;f__UBA1163;g__UBA1163;s__,False,True,True,False
d__Bacteria;p__Desulfobacterota_F;c__BSN033;o__BSN033;f__UBA1163;g__UBA1163;s__,False,True,False,False
d__Bacteria;p__Desulfobacterota_F;c__DSWW01;o__DSWW01;f__DSWW01;g__;s__,False,False,True,False
d__Bacteria;p__Desulfobacterota_F;c__SM23-61;o__SM23-61;f__SM23-61;g__;s__,False,True,False,False
d__Bacteria;p__Desulfobacterota_F;c__SM23-61;o__SM23-61;f__SM23-61;g__JACRCA01;s__,False,True,True,False
d__Bacteria;p__Desulfobacterota_F;c__SM23-61;o__SM23-61;f__SM23-61;g__JAHJQK01;s__,False,True,True,False
d__Bacteria;p__Desulfobacterota_F;c__SM23-61;o__SM23-61;f__SM23-61;g__SM23-61;s__,False,True,True,False
d__Bacteria;p__Desulfobacterota_F;c__WTBG01;o__JAGOGO01;f__JAGOGO01;g__;s__,False,True,False,False
d__Bacteria;p__Desulfobacterota_G;c__Syntrophorhabdia;o__Syntrophorhabdales;f__Syntrophorhabdaceae;g__PNOF01;s__,False,True,True,False
d__Bacteria;p__Desulfobacterota_G;c__Syntrophorhabdia;o__Syntrophorhabdales;f__WCHB1-27;g__BOG-1155;s__,False,True,True,True
d__Bacteria;p__Eisenbacteria;c__RBG-16-71-46;o__CAIMUX01;f__WJJG01;g__JAGMBO01;s__,False,True,True,False
d__Bacteria;p__Eisenbacteria;c__RBG-16-71-46;o__CAIMUX01;f__WJJG01;g__VGIY01;s__,False,False,True,False
d__Bacteria;p__Eisenbacteria;c__RBG-16-71-46;o__RBG-16-71-46;f__;g__;s__,False,True,True,False
d__Bacteria;p__Eisenbacteria;c__RBG-16-71-46;o__RBG-16-71-46;f__RBG-16-71-46;g__;s__,False,True,True,False
d__Bacteria;p__Eisenbacteria;c__RBG-16-71-46;o__RBG-16-71-46;f__RBG-16-71-46;g__WS-2;s__,False,True,True,False
d__Bacteria;p__Fermentibacterota;c__Fermentibacteria;o__Fermentibacterales;f__Fermentibacteraceae;g__UBA5938;s__,False,False,True,False
d__Bacteria;p__Gemmatimonadota;c__Gemmatimonadetes;o__Gemmatimonadales;f__GWC2-71-9;g__;s__,True,False,True,False
d__Bacteria;p__JAGLYR01;c__JAGLYR01;o__;f__;g__;s__,False,True,True,False
d__Bacteria;p__JAGLYR01;c__JAGLYR01;o__;f__;g__;s__,False,True,True,False
d__Bacteria;p__JAGLYR01;c__JAGLYR01;o__JAGLYR01;f__JAGLYR01;g__;s__,False,True,True,False
d__Bacteria;p__Krumholzibacteriota;c__Krumholzibacteria;o__Krumholzibacteriales;f__Krumholzibacteriaceae;g__SSS58A;s__,False,True,True,False
d__Bacteria;p__Krumholzibacteriota;c__Krumholzibacteria;o__Krumholzibacteriales;f__Krumholzibacteriaceae;g__SSS58A;s__,False,True,True,False
d__Bacteria;p__Krumholzibacteriota;c__Krumholzibacteria;o__Krumholzibacteriales;f__Krumholzibacteriaceae;g__SSS58A;s__,False,False,True,False
d__Bacteria;p__Krumholzibacteriota;c__Krumholzibacteria;o__Krumholzibacteriales;f__Krumholzibacteriaceae;g__SSS58A;s__,False,True,True,False
d__Bacteria;p__Krumholzibacteriota;c__Krumholzibacteria;o__Krumholzibacteriales;f__Krumholzibacteriaceae;g__SSS58A;s__,False,True,True,False
d__Bacteria;p__Krumholzibacteriota;c__Krumholzibacteria;o__WVZY01;f__WVZY01;g__;s__,False,False,True,False
d__Bacteria;p__Methylomirabilota;c__Methylomirabilia;o__;f__;g__;s__,False,True,False,False
d__Bacteria;p__Methylomirabilota;c__Methylomirabilia;o__Methylomirabilales;f__2-02-FULL-66-22;g__2-02-FULL-66-22;s__,False,True,True,True
d__Bacteria;p__Methylomirabilota;c__Methylomirabilia;o__Methylomirabilales;f__2-02-FULL-66-22;g__2-02-FULL-66-22;s__,False,True,True,True
d__Bacteria;p__Methylomirabilota;c__Methylomirabilia;o__Methylomirabilales;f__JACRGL01;g__;s__,False,True,True,False
d__Bacteria;p__Myxococcota;c__Myxococcia;o__Myxococcales;f__Anaeromyxobacteraceae;g__;s__,False,True,True,False
d__Bacteria;p__Myxococcota_A;c__UBA9160;o__UBA9160;f__UBA4427;g__JADJOR01;s__,False,False,True,False
d__Bacteria;p__Nitrospirota;c__Nitrospiria;o__Nitrospirales;f__Nitrospiraceae;g__Palsa-1315;s__,False,True,True,False
d__Bacteria;p__Nitrospirota;c__UBA9217;o__UBA9217;f__UBA9217;g__JALNZF01;s__,False,True,True,False
d__Bacteria;p__Omnitrophota;c__Koll11;o__Velamenicoccales;f__Velamenicoccaceae;g__;s__,False,True,True,False
d__Bacteria;p__Planctomycetota;c__Phycisphaerae;o__Sedimentisphaerales;f__Anaerohalosphaeraceae;g__JAHDQI01;s__,False,False,True,True
d__Bacteria;p__Planctomycetota;c__Phycisphaerae;o__Sedimentisphaerales;f__SG8-4;g__CAIYOL01;s__,False,False,True,True
d__Bacteria;p__Planctomycetota;c__Phycisphaerae;o__Sedimentisphaerales;f__SG8-4;g__CAIYOL01;s__,False,False,True,True
d__Bacteria;p__Planctomycetota;c__Phycisphaerae;o__Sedimentisphaerales;f__SG8-4;g__DTPU01;s__,False,False,False,True
d__Bacteria;p__Planctomycetota;c__Phycisphaerae;o__Sedimentisphaerales;f__SG8-4;g__Fen-1362;s__,False,False,True,True
d__Bacteria;p__Planctomycetota;c__Phycisphaerae;o__Sedimentisphaerales;f__SG8-4;g__PLanc-01;s__,False,False,True,True
d__Bacteria;p__Planctomycetota;c__Phycisphaerae;o__Sedimentisphaerales;f__SG8-4;g__PLanc-01;s__,False,True,True,True
d__Bacteria;p__Planctomycetota;c__Planctomycetia;o__Pirellulales;f__Pirellulaceae;g__;s__,True,True,True,True
d__Bacteria;p__Planctomycetota;c__Planctomycetia;o__Pirellulales;f__Pirellulaceae;g__JAAYDI01;s__,True,True,True,False
d__Bacteria;p__Planctomycetota;c__Planctomycetia;o__Pirellulales;f__Thermoguttaceae;g__;s__,False,True,True,True
d__Bacteria;p__Pseudomonadota;c__Alphaproteobacteria;o__Rhizobiales;f__Methyloligellaceae;g__Methyloceanibacter;s__,False,False,True,False
d__Bacteria;p__Pseudomonadota;c__Alphaproteobacteria;o__Rhizobiales;f__Methyloligellaceae;g__Methyloceanibacter;s__,False,False,True,False
d__Bacteria;p__Pseudomonadota;c__Alphaproteobacteria;o__Rhizobiales;f__Xanthobacteraceae;g__BOG-931;s__,False,False,True,False
d__Bacteria;p__Pseudomonadota;c__Alphaproteobacteria;o__Rhizobiales;f__Xanthobacteraceae;g__Bradyrhizobium;s__,False,False,True,False
d__Bacteria;p__Pseudomonadota;c__Alphaproteobacteria;o__Rhizobiales;f__Xanthobacteraceae;g__Pseudolabrys;s__,False,False,True,False
d__Bacteria;p__Pseudomonadota;c__Alphaproteobacteria;o__Rhizobiales;f__Xanthobacteraceae;g__Pseudolabrys;s__,False,False,True,False
d__Bacteria;p__Pseudomonadota;c__Alphaproteobacteria;o__Rhizobiales;f__Xanthobacteraceae;g__Z2-YC6860;s__,False,False,True,False
d__Bacteria;p__Pseudomonadota;c__Alphaproteobacteria;o__UBA8366;f__UBA8366;g__WHUA01;s__,False,False,True,False
d__Bacteria;p__Pseudomonadota;c__Gammaproteobacteria;o__Acidiferrobacterales;f__UBA6901;g__UBA6901;s__,False,True,True,False
d__Bacteria;p__Pseudomonadota;c__Gammaproteobacteria;o__Acidiferrobacterales;f__UBA6901;g__UBA6901;s__,False,True,True,False
d__Bacteria;p__Pseudomonadota;c__Gammaproteobacteria;o__Acidiferrobacterales;f__UBA6901;g__UBA6901;s__,False,True,True,False
d__Bacteria;p__Pseudomonadota;c__Gammaproteobacteria;o__Burkholderiales;f__Burkholderiaceae_A;g__JADJWR01;s__,False,False,True,False
d__Bacteria;p__Pseudomonadota;c__Gammaproteobacteria;o__Burkholderiales;f__Burkholderiaceae_B;g__CADEEN01;s__,False,False,True,True
d__Bacteria;p__Pseudomonadota;c__Gammaproteobacteria;o__Burkholderiales;f__Gallionellaceae;g__Gallionella;s__,False,False,True,False
d__Bacteria;p__Pseudomonadota;c__Gammaproteobacteria;o__Burkholderiales;f__Gallionellaceae;g__Gallionella;s__,False,False,True,False
d__Bacteria;p__Pseudomonadota;c__Gammaproteobacteria;o__Burkholderiales;f__Gallionellaceae;g__Sideroxyarcus;s__,False,False,True,False
d__Bacteria;p__Pseudomonadota;c__Gammaproteobacteria;o__Burkholderiales;f__Methylophilaceae;g__MM2;s__,False,False,False,False
d__Bacteria;p__Pseudomonadota;c__Gammaproteobacteria;o__Burkholderiales;f__RBG-16-58-11;g__RBG-16-58-11;s__,False,False,True,False
d__Bacteria;p__Pseudomonadota;c__Gammaproteobacteria;o__Burkholderiales;f__Rhodocyclaceae;g__CG2-30-68-42;s__,False,True,True,False
d__Bacteria;p__Pseudomonadota;c__Gammaproteobacteria;o__Burkholderiales;f__Rhodocyclaceae;g__UBA2250;s__,False,False,True,False
d__Bacteria;p__Pseudomonadota;c__Gammaproteobacteria;o__Burkholderiales;f__SG8-39;g__SG8-39;s__,False,False,False,False
d__Bacteria;p__Pseudomonadota;c__Gammaproteobacteria;o__Burkholderiales;f__SHXO01;g__SHXO01;s__,True,True,True,False
d__Bacteria;p__Pseudomonadota;c__Gammaproteobacteria;o__Burkholderiales;f__Thiobacillaceae;g__PFJX01;s__,False,False,True,False
d__Bacteria;p__Pseudomonadota;c__Gammaproteobacteria;o__Burkholderiales;f__Thiobacillaceae;g__Thiobacillus;s__,False,True,True,False
d__Bacteria;p__Pseudomonadota;c__Gammaproteobacteria;o__Burkholderiales;f__Thiobacillaceae;g__Thiobacillus;s__,False,True,True,False
d__Bacteria;p__Pseudomonadota;c__Gammaproteobacteria;o__Burkholderiales;f__Thiobacillaceae;g__UBA6918;s__,False,True,False,False
d__Bacteria;p__Pseudomonadota;c__Gammaproteobacteria;o__Chromatiales;f__Sedimenticolaceae;g__;s__,False,True,True,False
d__Bacteria;p__Pseudomonadota;c__Gammaproteobacteria;o__Diplorickettsiales;f__Diplorickettsiaceae;g__Aquirickettsiella;s__Aquirickettsiella isopodorum,False,False,True,True
d__Bacteria;p__Pseudomonadota;c__Gammaproteobacteria;o__Methylococcales;f__Methylomonadaceae;g__KS41;s__,False,False,True,False
d__Bacteria;p__Pseudomonadota;c__Gammaproteobacteria;o__Methylococcales;f__Methylomonadaceae;g__KS41;s__KS41 sp002256705,False,False,False,False
d__Bacteria;p__Pseudomonadota;c__Gammaproteobacteria;o__Steroidobacterales;f__Steroidobacteraceae;g__RPQJ01;s__,False,False,False,False
d__Bacteria;p__QNDG01;c__QNDG01;o__QNDG01;f__DSAB01;g__;s__,True,False,True,True
d__Bacteria;p__QNDG01;c__QNDG01;o__QNDG01;f__DTFT01;g__;s__,True,True,True,True
d__Bacteria;p__Spirochaetota;c__Spirochaetia;o__SZUA-6;f__DRHE01;g__MIBK01;s__,True,False,True,True
d__Bacteria;p__Spirochaetota;c__Spirochaetia;o__SZUA-6;f__DRHE01;g__MIBK01;s__,True,False,True,True
d__Bacteria;p__Spirochaetota;c__Spirochaetia;o__SZUA-6;f__Fen-1364;g__;s__,True,False,True,True
d__Bacteria;p__Spirochaetota;c__Spirochaetia;o__Treponematales;f__;g__;s__,False,True,False,True
d__Bacteria;p__Spirochaetota;c__Spirochaetia;o__Treponematales;f__Rectinemataceae;g__JAKLFE01;s__,False,False,True,False
d__Bacteria;p__Spirochaetota;c__UBA4802;o__UBA4802;f__UBA5550;g__RBG-16-49-21;s__,False,False,False,False
d__Bacteria;p__Verrucomicrobiota;c__Verrucomicrobiae;o__Pedosphaerales;f__;g__;s__,True,False,True,True
d__Bacteria;p__Verrucomicrobiota;c__Verrucomicrobiae;o__Pedosphaerales;f__JAKEEH01;g__;s__,True,True,True,True
d__Bacteria;p__Verrucomicrobiota;c__Verrucomicrobiae;o__Pedosphaerales;f__UBA11358;g__UBA7542;s__,False,False,True,True
d__Bacteria;p__Verrucomicrobiota;c__Verrucomicrobiae;o__Pedosphaerales;f__UBA3939;g__UBA3939;s__,True,False,True,True
d__Bacteria;p__Verrucomicrobiota;c__Verrucomicrobiae;o__Pedosphaerales;f__UBA8199;g__;s__,True,False,True,True
d__Bacteria;p__Zixibacteria;c__MSB-5A5;o__GN15;f__JAAZOE01;g__JAAZOE01;s__,False,True,True,False
d__Bacteria;p__Zixibacteria;c__MSB-5A5;o__WJJR01;f__WJJR01;g__JACQFV01;s__,False,True,True,False
